platform,best_page_name,rank,brand_name,product_name,category_large,category_medium,category_small,category_path,price,discount_rate,like_count,review_count,review_score,item_url,thumbnail_url,collected_at
29CM,전체,1,그노노이,밍크 기모 스트레이트 데님 (Light Blue),여성의류,바지,데님,여성의류 > 바지 > 데님,49870,34,1359,16,5.0,https://product.29cm.co.kr/catalog/3665527,https://img.29cm.co.kr/item/202512/11f0da377698ff10a3c0c117ae2c1323.jpg,2025-12-24T02:51:00.386137+09:00
29CM,전체,2,얀13,BOA FLEECE PADDING JACKET_3 COLOR,여성의류,아우터,숏패딩,여성의류 > 아우터 > 숏패딩,106200,55,24307,174,4.5,https://product.29cm.co.kr/catalog/947552,https://img.29cm.co.kr/next-product/2021/01/12/62e75243675e48a78dc636992748c3be_20210112201551.jpg,2025-12-24T02:51:00.386137+09:00
29CM,전체,3,르,[은현 PICK] vintage fur half coat (beige),여성의류,아우터,하프코트,여성의류 > 아우터 > 하프코트,122230,69,14309,159,4.5,https://product.29cm.co.kr/catalog/2960683,https://img.29cm.co.kr/item/202512/11f0db2a14c883d8a3c02f0e39cdbc9d.jpg,2025-12-24T02:51:00.386137+09:00
29CM,전체,4,오떼뜨,"[12/30 예약배송] [여울,알로하 착용] [23rd] BOUCLE RAM HALF FUR-COAT_BEIGE",여성의류,아우터,퍼 재킷,여성의류 > 아우터 > 퍼 재킷,230400,20,29317,748,5.0,https://product.29cm.co.kr/catalog/2892735,https://img.29cm.co.kr/item/202511/11f0baaa17fe8c51938051050108e7e7.jpg,2025-12-24T02:51:00.386137+09:00
29CM,전체,5,시야쥬,SIOT4010 Duck Down Crop PD_Ivory,여성의류,단독,,여성의류 > 단독,114460,42,21035,1072,4.5,https://product.29cm.co.kr/catalog/2312350,https://img.29cm.co.kr/item/202512/11f0d0d9e7ec29dbab9db33838e2930e.jpg,2025-12-24T02:51:00.386137+09:00
29CM,전체,6,하네,[29CM 단독] [커치프 SET] 에센셜 라운드 가디건 10Color,여성의류,단독,아우터,여성의류 > 단독 > 아우터,50400,46,30879,1306,5.0,https://product.29cm.co.kr/catalog/3410043,https://img.29cm.co.kr/item/202508/11f08478f8ce31cbab5d517f784dc080.jpg,2025-12-24T02:51:00.386137+09:00
29CM,전체,7,오프아워,(w) 세린 나이트 수면 잠옷 세트 3colors,여성의류,홈웨어,세트,여성의류 > 홈웨어 > 세트,23050,48,26188,2461,5.0,https://product.29cm.co.kr/catalog/2777243,https://img.29cm.co.kr/item/202510/11f09e6862cec264be46ed2459c135f1.jpg,2025-12-24T02:51:00.386137+09:00
29CM,전체,8,몽돌,[묵화 PICK] 소프트 코튼 V넥 니트 탑 MDKT127_7 Colors,여성의류,니트웨어,브이넥,여성의류 > 니트웨어 > 브이넥,37170,37,15361,110,4.5,https://product.29cm.co.kr/catalog/3440399,https://img.29cm.co.kr/item/202509/11f09cf5a4b57042a4cd075a1a92cf8c.jpg,2025-12-24T02:51:00.386137+09:00
29CM,전체,9,아틀리에 나인,[29CM 단독] FLUFFY WOOL BOUCLE COAT(CT-1470),여성의류,아우터,숏코트,여성의류 > 아우터 > 숏코트,222610,25,7959,42,5.0,https://product.29cm.co.kr/catalog/3563122,https://img.29cm.co.kr/item/202512/11f0dbb6257e4be6a3c02343b1826e7c.jpg,2025-12-24T02:51:00.386137+09:00
29CM,전체,10,로우,[5th_1/6 예약배송] Teddy fleece anorak_navy stripe,여성의류,아우터,플리스,여성의류 > 아우터 > 플리스,109000,0,8693,47,5.0,https://product.29cm.co.kr/catalog/3638661,https://img.29cm.co.kr/item/202511/11f0c03affb14929a563cbe2f0c50560.jpg,2025-12-24T02:51:00.386137+09:00
29CM,전체,11,닉앤니콜,[ESSENTIAL] HIGH NECK SLIM TOP_12 COLOR,여성의류,상의,긴소매 티셔츠,여성의류 > 상의 > 긴소매 티셔츠,20480,47,14404,1714,4.5,https://product.29cm.co.kr/catalog/870460,https://img.29cm.co.kr/next-product/2020/10/23/4b87c00d92db46efa172098182adb17a_20201023151321.jpg,2025-12-24T02:51:00.386137+09:00
29CM,전체,12,르,[은현 PICK] wool double-breasted coat (melange gray),여성의류,아우터,롱코트,여성의류 > 아우터 > 롱코트,186270,59,7074,36,5.0,https://product.29cm.co.kr/catalog/3599047,https://img.29cm.co.kr/item/202511/11f0b867a7ab9ed68388f5d28f9eccc5.jpg,2025-12-24T02:51:00.386137+09:00
29CM,전체,13,스텝어라운드,[융기모]Fleece Lined Bootcut Banding Pants_BLACK,여성의류,바지,트레이닝,여성의류 > 바지 > 트레이닝,53550,37,1928,52,5.0,https://product.29cm.co.kr/catalog/3610556,https://img.29cm.co.kr/item/202512/11f0d4a51d9df9a2a3c00968498bc2cb.jpg,2025-12-24T02:51:00.386137+09:00
29CM,전체,14,파사드패턴,[일부옵션 8차 2/4예약배송] 램스울 퍼 하프 코트_brown,여성의류,아우터,퍼 재킷,여성의류 > 아우터 > 퍼 재킷,398000,0,18146,114,5.0,https://product.29cm.co.kr/catalog/2923189,https://img.29cm.co.kr/item/202411/11ef9b2f4ac4470fb65c11eedc340286.jpg,2025-12-24T02:51:00.386137+09:00
29CM,전체,15,댑,댑 윈터원더랜드 수면 잠옷세트 여성용,여성의류,홈웨어,세트,여성의류 > 홈웨어 > 세트,29900,55,4116,124,5.0,https://product.29cm.co.kr/catalog/3639030,https://img.29cm.co.kr/item/202511/11f0c5df29419d1da563e1688396a89a.jpg,2025-12-24T02:51:00.386137+09:00
29CM,전체,16,휘게 언더웨어,[29CM 선오픈][시그니처]  데일리 2.0 브라렛 팬티 세트 - 6Colors,여성의류,언더웨어,세트,여성의류 > 언더웨어 > 세트,18900,41,47046,25560,5.0,https://product.29cm.co.kr/catalog/1187467,https://img.29cm.co.kr/item/202512/11f0d7289549f0d8a5406b59a3330d14.jpg,2025-12-24T02:51:00.386137+09:00
29CM,전체,17,무브웜,[누가영 착용] Sheer Tencel T-Shirts- 6Colors,레저,요가/필라테스,상의,레저 > 요가/필라테스 > 상의,49000,0,7768,698,5.0,https://product.29cm.co.kr/catalog/2850695,https://img.29cm.co.kr/item/202512/11f0d37fa5651deaa54075794084e624.jpg,2025-12-24T02:51:00.386137+09:00
29CM,전체,18,던스트,CURLY FUR HALF JACKET IVORY_UDJU5D222IV,여성의류,아우터,기타 아우터,여성의류 > 아우터 > 기타 아우터,191150,42,2431,6,4.5,https://product.29cm.co.kr/catalog/3562766,https://img.29cm.co.kr/item/202511/11f0be00b9a4863da563e7ebd6a090ad.jpg,2025-12-24T02:51:00.386137+09:00
29CM,전체,19,108파운드,Molly Reversible Shearling Coat_Dark brown,여성의류,아우터,무스탕,여성의류 > 아우터 > 무스탕,227700,10,26562,249,4.5,https://product.29cm.co.kr/catalog/3531193,https://img.29cm.co.kr/item/202509/11f09ab523b75244920c61e3e96ef393.jpg,2025-12-24T02:51:00.386137+09:00
29CM,전체,20,하네,[29CM 단독] 솔리드 코어 V넥 니트 6Color,여성의류,니트웨어,브이넥,여성의류 > 니트웨어 > 브이넥,49860,46,20267,434,4.5,https://product.29cm.co.kr/catalog/3451446,https://img.29cm.co.kr/item/202509/11f0947f14285460a7fa2991b2735f48.png,2025-12-24T02:51:00.386137+09:00
29CM,전체,21,코어드,[7차/예약배송] Shearing mustang (beige),여성의류,아우터,무스탕,여성의류 > 아우터 > 무스탕,273020,25,5413,53,5.0,https://product.29cm.co.kr/catalog/3605248,https://img.29cm.co.kr/item/202512/11f0da45fc0c2c10a3c0cf50965d258b.jpg,2025-12-24T02:51:00.386137+09:00
29CM,전체,22,제너럴아이디어,WOMAN 리버시블 무스탕 더플 코트 [DARK BROWN] / WBE4L10522,여성의류,아우터,숏코트,여성의류 > 아우터 > 숏코트,183000,19,5693,23,5.0,https://product.29cm.co.kr/catalog/3612648,https://img.29cm.co.kr/next-product/2025/10/28/43874ccb14674569b1ff2469298f13a6_20251028190817.jpg,2025-12-24T02:51:00.386137+09:00
29CM,전체,23,아티드,클라우드 알파카 라운드넥 가디건_4COLORS,여성의류,니트웨어,카디건,여성의류 > 니트웨어 > 카디건,88350,48,5359,75,5.0,https://product.29cm.co.kr/catalog/3407556,https://img.29cm.co.kr/item/202512/11f0daeb443e04bea540a7337f4cf7eb.jpg,2025-12-24T02:51:00.386137+09:00
29CM,전체,24,샤드라마,[정린 착용/5차 REORDER] CLOUD SEARING FUR COAT [BEIGE],여성의류,아우터,퍼 재킷,여성의류 > 아우터 > 퍼 재킷,234980,21,7781,39,5.0,https://product.29cm.co.kr/catalog/3600315,https://img.29cm.co.kr/item/202510/11f0b3d7b18b921fb27db144a55e045d.jpg,2025-12-24T02:51:00.386137+09:00
29CM,전체,25,도씨,[해원 Pick] 실크핏 클로에 긴팔 커플 잠옷 세트,남성의류,홈웨어,세트,남성의류 > 홈웨어 > 세트,20590,59,20752,1718,5.0,https://product.29cm.co.kr/catalog/2799427,https://img.29cm.co.kr/item/202512/11f0ce7bde8b5e49a563a35929463aef.jpg,2025-12-24T02:51:00.386137+09:00
29CM,전체,26,비터셀즈,[2 PACK]Essential Golgi Tee-7 colors,여성의류,상의,긴소매 티셔츠,여성의류 > 상의 > 긴소매 티셔츠,54600,30,33392,1063,5.0,https://product.29cm.co.kr/catalog/3442256,https://img.29cm.co.kr/item/202509/11f08f7667c6576e94a2fb5964d8910e.jpg,2025-12-24T02:51:00.386137+09:00
29CM,전체,27,오떼뜨,[38th] CASHMERE LAYERED KNIT_5COLOR,여성의류,니트웨어,크루넥,여성의류 > 니트웨어 > 크루넥,108800,15,7558,160,4.5,https://product.29cm.co.kr/catalog/2527130,https://img.29cm.co.kr/item/202508/11f07c0115976476964acf758b33e625.jpg,2025-12-24T02:51:00.386137+09:00
29CM,전체,28,유라고,Jacquard hoodie cardigan_2colors,여성의류,니트웨어,카디건,여성의류 > 니트웨어 > 카디건,92000,20,74862,2135,4.5,https://product.29cm.co.kr/catalog/2270167,https://img.29cm.co.kr/item/202512/11f0d4a3a523a5f4a3c099a632bf236f.png,2025-12-24T02:51:00.386137+09:00
29CM,전체,29,오프아워,(w) 그레이슈 스트라이프 로브,여성의류,홈웨어,로브,여성의류 > 홈웨어 > 로브,24080,46,6889,385,5.0,https://product.29cm.co.kr/catalog/3426005,https://img.29cm.co.kr/item/202509/11f09df12c45db79a8b707030d58bd4e.jpg,2025-12-24T02:51:00.386137+09:00
29CM,전체,30,시야쥬,SIPT7097 기모 골지 스웻 팬츠_Cream,여성의류,바지,트레이닝,여성의류 > 바지 > 트레이닝,46020,27,21609,887,4.5,https://product.29cm.co.kr/catalog/2314126,https://img.29cm.co.kr/item/202311/11ee7d46da4a7741a5b38f180e289750.jpg,2025-12-24T02:51:00.386137+09:00
29CM,전체,31,르바,[11차][사이즈추가] Hairy Alpaca Blended Single Jacket - Charcoal,여성의류,아우터,재킷,여성의류 > 아우터 > 재킷,269100,10,38265,381,4.5,https://product.29cm.co.kr/catalog/2825493,https://img.29cm.co.kr/item/202510/11f0aa6bab478924a918a9644b10f962.jpg,2025-12-24T02:51:00.386137+09:00
29CM,전체,32,셀리테일즈,FLOWER REVERSIBLE FLEECE JACKET_IVORY,여성의류,아우터,플리스,여성의류 > 아우터 > 플리스,118200,34,24174,290,5.0,https://product.29cm.co.kr/catalog/3556856,https://img.29cm.co.kr/item/202510/11f0ad5d1cdd8a6bb27dd7fcbf11915f.jpg,2025-12-24T02:51:00.386137+09:00
29CM,전체,33,유라고,[1차 리오더][with 은현] Chloe fur half jacket_2colors,여성의류,아우터,퍼 재킷,여성의류 > 아우터 > 퍼 재킷,162000,10,5554,41,5.0,https://product.29cm.co.kr/catalog/3620013,https://img.29cm.co.kr/item/202511/11f0ba092ecd3e728388bdb1e9365130.jpg,2025-12-24T02:51:00.386137+09:00
29CM,전체,34,오프아워,(w) 크렘플래드 플러핏 긴팔 잠옷 세트,여성의류,홈웨어,세트,여성의류 > 홈웨어 > 세트,24430,51,5650,296,5.0,https://product.29cm.co.kr/catalog/3543030,https://img.29cm.co.kr/item/202509/11f09df2edb342bcbe46ebbcfa7799c7.jpg,2025-12-24T02:51:00.386137+09:00
29CM,전체,35,코드그라피,[24년 리뉴얼VER.] 더플 후드 패딩_3COLOR,여성의류,아우터,숏패딩,여성의류 > 아우터 > 숏패딩,111750,25,14486,269,4.5,https://product.29cm.co.kr/catalog/2246291,https://img.29cm.co.kr/item/202512/11f0d0d69db8ae2fa563e31fc1fd34aa.jpg,2025-12-24T02:51:00.386137+09:00
29CM,전체,36,오피쉬,"FLUFFY MIX FUR JACKET, LIGHT GRAY",여성의류,아우터,퍼 재킷,여성의류 > 아우터 > 퍼 재킷,193590,19,5864,47,4.5,https://product.29cm.co.kr/catalog/3527906,https://img.29cm.co.kr/item/202509/11f096efe467989ea7fa9729dad85c76.jpg,2025-12-24T02:51:00.386137+09:00
29CM,전체,37,아워코모스,[여울 착용] comos 1264 button slit off-shoulder knit (brown),여성의류,니트웨어,기타 니트,여성의류 > 니트웨어 > 기타 니트,59200,20,11717,71,4.5,https://product.29cm.co.kr/catalog/2919685,https://img.29cm.co.kr/item/202511/11f0c435c7961db283880f9d9829e7be.jpg,2025-12-24T02:51:00.386137+09:00
29CM,전체,38,아우브아워,[29CM 단독][9차 재입고] vent wool half coat (grey),여성의류,아우터,하프코트,여성의류 > 아우터 > 하프코트,259120,30,9822,82,5.0,https://product.29cm.co.kr/catalog/3487361,https://img.29cm.co.kr/item/202512/11f0d1b91e4f65fca3c0d1c7be00b377.jpg,2025-12-24T02:51:00.386137+09:00
29CM,전체,39,오프아워,[2PACK] (uni) 크렘플래드 플러핏 긴팔 잠옷 세트,여성의류,홈웨어,세트,여성의류 > 홈웨어 > 세트,48850,50,1193,106,5.0,https://product.29cm.co.kr/catalog/3543044,https://img.29cm.co.kr/item/202509/11f09df363c25854be468ff71fe1517d.jpg,2025-12-24T02:51:00.386137+09:00
29CM,전체,40,아르토,[루피타PICK/14th] Velvet Shirring Long Sleeve Tee_3 Colors,여성의류,상의,긴소매 티셔츠,여성의류 > 상의 > 긴소매 티셔츠,45600,5,3380,57,5.0,https://product.29cm.co.kr/catalog/3655349,https://img.29cm.co.kr/item/202512/11f0ce596429fd8dab9d33e661d1d936.png,2025-12-24T02:51:00.386137+09:00
29CM,전체,41,코어드,[4차] Molly fur jacket (ivory),여성의류,아우터,퍼 재킷,여성의류 > 아우터 > 퍼 재킷,275500,5,6519,12,4.5,https://product.29cm.co.kr/catalog/3605237,https://img.29cm.co.kr/item/202511/11f0bae23b62a0fb9380b15f17c3b131.jpg,2025-12-24T02:51:00.386137+09:00
29CM,전체,42,도씨,[해원 Pick] 실크핏 웬즈데이 긴팔 커플 잠옷 세트,남성의류,홈웨어,세트,남성의류 > 홈웨어 > 세트,20590,59,9316,792,5.0,https://product.29cm.co.kr/catalog/2799429,https://img.29cm.co.kr/item/202511/11f0cb593f3ff7d1ab9df5a2825b1e1a.jpg,2025-12-24T02:51:00.386137+09:00
29CM,전체,43,조스라운지,[누가영 착용] [웜모달] (w) Leeds Pajama Set,여성의류,홈웨어,세트,여성의류 > 홈웨어 > 세트,67430,31,8139,667,5.0,https://product.29cm.co.kr/catalog/2820650,https://img.29cm.co.kr/item/202512/11f0cf258b41cc01ab9d831f13f36e8f.jpg,2025-12-24T02:51:00.386137+09:00
29CM,전체,44,아유서울,"HIGH-NECK FAUX HALF FUR COAT, IVORY",여성의류,아우터,퍼 재킷,여성의류 > 아우터 > 퍼 재킷,301440,10,7164,25,5.0,https://product.29cm.co.kr/catalog/3551400,https://img.29cm.co.kr/item/202512/11f0ce6025623319ab9db128472c104f.jpg,2025-12-24T02:51:00.386137+09:00
29CM,전체,45,포에토,[24th] Mild cashmere v-neck knit - grape,여성의류,니트웨어,캐시미어,여성의류 > 니트웨어 > 캐시미어,90000,28,13936,458,5.0,https://product.29cm.co.kr/catalog/3458127,https://img.29cm.co.kr/item/202508/11f08320fe43711288938fd690e94635.jpg,2025-12-24T02:51:00.386137+09:00
29CM,전체,46,룸페커,퍼스트 절개 양기모 팬츠,여성의류,바지,트레이닝,여성의류 > 바지 > 트레이닝,34240,20,1714,30,4.5,https://product.29cm.co.kr/catalog/3653741,https://img.29cm.co.kr/next-product/2025/11/19/e8bad155709740418804cbe57ecb2985_20251119174644.jpg,2025-12-24T02:51:00.386137+09:00
29CM,전체,47,챔피온,퀼팅 푸퍼 패딩 재킷 2 color,남성의류,아우터,숏패딩,남성의류 > 아우터 > 숏패딩,99000,41,1026,9,4.0,https://product.29cm.co.kr/catalog/3522931,https://img.29cm.co.kr/item/202510/11f0b3c7fddb80d7b27d6b7aa56ccb7d.jpg,2025-12-24T02:51:00.386137+09:00
29CM,전체,48,튜드먼트,70s CORDUROY PANTS_4COLORS,여성의류,바지,스트레이트,여성의류 > 바지 > 스트레이트,56740,36,4508,194,5.0,https://product.29cm.co.kr/catalog/3527335,https://img.29cm.co.kr/item/202512/11f0cf1e0ed8e88fa56311dd75def747.jpg,2025-12-24T02:51:00.386137+09:00
29CM,전체,49,108파운드,[루피타 PICK] Molly Reversible Shearling Coat_Camel,여성의류,아우터,무스탕,여성의류 > 아우터 > 무스탕,227700,10,13408,108,4.5,https://product.29cm.co.kr/catalog/3531192,https://img.29cm.co.kr/item/202512/11f0ce4ab8379f03ab9d4b2864752a34.jpg,2025-12-24T02:51:00.386137+09:00
29CM,전체,50,제너럴아이디어,WOMAN 레이어드 브이넥 니트 풀오버 [MELANGE GREY] / WBE3L05512,여성의류,니트웨어,브이넥,여성의류 > 니트웨어 > 브이넥,41250,33,25869,275,4.5,https://product.29cm.co.kr/catalog/3438345,https://img.29cm.co.kr/next-product/2025/08/19/88c8afc8c28c4b47b7a3207b674881ed_20250819141930.jpg,2025-12-24T02:51:00.386137+09:00
29CM,전체,51,마리떼 프랑소와 저버,CLASSIC LOGO DOWN JACKET black,여성의류,아우터,숏패딩,여성의류 > 아우터 > 숏패딩,188300,30,987,43,5.0,https://product.29cm.co.kr/catalog/3580252,https://img.29cm.co.kr/item/202512/11f0deea2b750c54a5406f870b2bf3f4.jpg,2025-12-24T02:51:00.386137+09:00
29CM,전체,52,오떼뜨,[루피타 착용] [4th] LE-A COLLAR MUSTANG_BEIGE,여성의류,아우터,무스탕,여성의류 > 아우터 > 무스탕,272080,24,2756,14,5.0,https://product.29cm.co.kr/catalog/3600235,https://img.29cm.co.kr/item/202512/11f0ce580a79be63a56393f881e2760e.jpg,2025-12-24T02:51:00.386137+09:00
29CM,전체,53,르,[은현 PICK] classic half down jacket (brown),여성의류,아우터,재킷,여성의류 > 아우터 > 재킷,152940,69,6760,87,4.5,https://product.29cm.co.kr/catalog/2960655,https://img.29cm.co.kr/item/202512/11f0db282d2416fca3c0cd1b57d2a9f8.jpg,2025-12-24T02:51:00.386137+09:00
29CM,전체,54,유라고,[28차 리오더][29CM 단독][with 문지원] Clay wool V-neck knit_6colors,여성의류,니트웨어,브이넥,여성의류 > 니트웨어 > 브이넥,75240,15,30862,2041,4.5,https://product.29cm.co.kr/catalog/2203760,https://img.29cm.co.kr/item/202510/11f0af088cd9101aa9189981fe8b25d4.jpg,2025-12-24T02:51:00.386137+09:00
29CM,전체,55,드헤베,Soft Fur Cardigan [White],여성의류,니트웨어,카디건,여성의류 > 니트웨어 > 카디건,51520,44,1412,14,5.0,https://product.29cm.co.kr/catalog/3597757,https://img.29cm.co.kr/item/202511/11f0c0f53ddc6699a5634d8325aeb1e3.jpg,2025-12-24T02:51:00.386137+09:00
29CM,전체,56,오프아워,(w) 블루밍 코튼 수면 잠옷 세트,여성의류,홈웨어,세트,여성의류 > 홈웨어 > 세트,23050,48,9155,482,5.0,https://product.29cm.co.kr/catalog/3543138,https://img.29cm.co.kr/item/202510/11f0a96fc3adb37db27d6dd6438ae1d0.jpg,2025-12-24T02:51:00.386137+09:00
29CM,전체,57,시티브리즈,[스페셜오더/6차][울 100%]울 하이넥 더플 코트_2COLORS,여성의류,아우터,숏코트,여성의류 > 아우터 > 숏코트,207270,37,15424,86,4.5,https://product.29cm.co.kr/catalog/3564447,https://img.29cm.co.kr/item/202511/11f0c99877a550b7ab9df7eac84938b5.jpg,2025-12-24T02:51:00.386137+09:00
29CM,전체,58,엔조블루스,레트로 스냅 플리스 아노락 (Lavender),여성의류,아우터,아노락,여성의류 > 아우터 > 아노락,90440,24,9739,156,5.0,https://product.29cm.co.kr/catalog/3397500,https://img.29cm.co.kr/item/202509/11f09da6c6ddc5bcbe46b59111c42e5a.jpg,2025-12-24T02:51:00.386137+09:00
29CM,전체,59,유라고,[7차 리오더] Washable V-neck knit_7colors,여성의류,니트웨어,브이넥,여성의류 > 니트웨어 > 브이넥,52200,10,28851,650,4.5,https://product.29cm.co.kr/catalog/2801298,https://img.29cm.co.kr/item/202409/11ef700128e243b0a9802f9ce652f5c9.jpg,2025-12-24T02:51:00.386137+09:00
29CM,전체,60,오셀픽,[8차 리오더] (uni) 스탠다드 뉴욕 긴팔 파자마 핑크 2Size,남성의류,홈웨어,세트,남성의류 > 홈웨어 > 세트,20050,37,3696,269,5.0,https://product.29cm.co.kr/catalog/3466925,https://img.29cm.co.kr/item/202508/11f083d5cc240237ab5d45372bf7f783.jpg,2025-12-24T02:51:00.386137+09:00
29CM,전체,61,티세르,[uni] 로얄 스트라이프 피치기모 긴팔 커플 잠옷 상하세트,여성의류,홈웨어,세트,여성의류 > 홈웨어 > 세트,28300,44,2688,105,5.0,https://product.29cm.co.kr/catalog/3434947,https://img.29cm.co.kr/item/202508/11f07c0fefd78de8964aebe3e93afa59.jpg,2025-12-24T02:51:00.386137+09:00
29CM,전체,62,티세르,[uni] 딥포레스트 피치기모 커플 긴팔 잠옷 상하세트,여성의류,홈웨어,세트,여성의류 > 홈웨어 > 세트,28300,44,2011,140,5.0,https://product.29cm.co.kr/catalog/3434967,https://img.29cm.co.kr/item/202508/11f07c103eebffb6964ab5109bd7de9b.jpg,2025-12-24T02:51:00.386137+09:00
29CM,전체,63,오셀픽,[7차리오더] (uni) 스트라이프 극세사 파자마 세트 4Color,남성의류,홈웨어,세트,남성의류 > 홈웨어 > 세트,24000,65,3932,323,5.0,https://product.29cm.co.kr/catalog/3395115,https://img.29cm.co.kr/item/202507/11f0693672a064ee889387c3256bbf70.jpg,2025-12-24T02:51:00.386137+09:00
29CM,전체,64,도씨,[해원 Pick] 플러피 보니 긴팔 커플 수면 잠옷 세트,여성의류,홈웨어,세트,여성의류 > 홈웨어 > 세트,20590,62,7759,238,5.0,https://product.29cm.co.kr/catalog/3563145,https://img.29cm.co.kr/item/202512/11f0ce7c42b6ad33ab9dedba30298b72.jpg,2025-12-24T02:51:00.386137+09:00
29CM,전체,65,아티드,바라클 덕다운 하프 패딩_3COLORS,여성의류,아우터,숏패딩,여성의류 > 아우터 > 숏패딩,236160,36,1611,14,5.0,https://product.29cm.co.kr/catalog/3549439,https://img.29cm.co.kr/item/202512/11f0daeac4d4fbb0a3c05d3c51cdd35b.jpg,2025-12-24T02:51:00.386137+09:00
29CM,전체,66,아르카익,[바로배송][29CM 단독][3rd] reversible mustang coat_beige,여성의류,아우터,무스탕,여성의류 > 아우터 > 무스탕,128490,50,1596,29,4.0,https://product.29cm.co.kr/catalog/3613010,https://img.29cm.co.kr/item/202512/11f0d4ad3a43d5a8a3c0419d3aeb95a8.jpg,2025-12-24T02:51:00.386137+09:00
29CM,전체,67,녹섭,(8차 리오더) Alpaca blend half coat_black,여성의류,아우터,하프코트,여성의류 > 아우터 > 하프코트,257640,24,6851,48,4.5,https://product.29cm.co.kr/catalog/2978906,https://img.29cm.co.kr/item/202412/11efb45aca40df08ad1b2714d8bf735f.jpg,2025-12-24T02:51:00.386137+09:00
29CM,전체,68,조이그라이슨,Faux Fur Half Jacket KF3WH4930_2COLOR,여성의류,아우터,퍼 재킷,여성의류 > 아우터 > 퍼 재킷,278500,36,10920,92,4.5,https://product.29cm.co.kr/catalog/2315130,https://img.29cm.co.kr/item/202512/11f0ce8dbc2bc153a563c1c085fe23c8.jpg,2025-12-24T02:51:00.386137+09:00
29CM,전체,69,아티드,프리미엄 캐시미어 브이넥 니트_4COLORS,여성의류,니트웨어,캐시미어,여성의류 > 니트웨어 > 캐시미어,71520,52,7782,123,4.5,https://product.29cm.co.kr/catalog/2789573,https://img.29cm.co.kr/item/202510/11f0a89f4c9c4013b27dff5168040ff6.jpg,2025-12-24T02:51:00.386137+09:00
29CM,전체,70,비터셀즈,[쁨이 pick]Poddy Fleece Half Zip Up-Charcoal,여성의류,아우터,플리스,여성의류 > 아우터 > 플리스,95920,12,39892,320,4.5,https://product.29cm.co.kr/catalog/3391949,https://img.29cm.co.kr/item/202508/11f07e2aa8433bb88403e9eea0dcf58b.jpg,2025-12-24T02:51:00.386137+09:00
29CM,전체,71,망고매니플리즈,BALLEN FUR JACKET (2colors),여성의류,아우터,퍼 재킷,여성의류 > 아우터 > 퍼 재킷,303050,5,4372,34,4.5,https://product.29cm.co.kr/catalog/2327337,https://img.29cm.co.kr/item/202509/11f09a98690c8552b5636ff4b9c2e450.jpg,2025-12-24T02:51:00.386137+09:00
29CM,전체,72,던스트,ESSENTIAL CASHMERE SINGLE COAT BLACK_UDCO5D222BK,여성의류,아우터,롱코트,여성의류 > 아우터 > 롱코트,214390,42,3430,16,5.0,https://product.29cm.co.kr/catalog/2864194,https://img.29cm.co.kr/next-product/2025/09/23/00f3035fcb4a4318a0107b1932130bd2_20250923152026.jpg,2025-12-24T02:51:00.386137+09:00
29CM,전체,73,포트오브콜,[13차]mond  raccoon v-neck knit_plum,여성의류,니트웨어,브이넥,여성의류 > 니트웨어 > 브이넥,110400,20,11071,65,4.5,https://product.29cm.co.kr/catalog/3446002,https://img.29cm.co.kr/item/202510/11f0ae39f286babbb27d8387d3c9b421.jpg,2025-12-24T02:51:00.386137+09:00
29CM,전체,74,르,wool classic double breasted coat (charcoal),여성의류,아우터,롱코트,여성의류 > 아우터 > 롱코트,194560,67,8465,97,4.5,https://product.29cm.co.kr/catalog/2960662,https://img.29cm.co.kr/item/202411/11efa7d044b1bdbf9d186702280dda42.jpg,2025-12-24T02:51:00.386137+09:00
29CM,전체,75,그노노이,에어리 숏 덕 다운 패딩 (Beige),여성의류,아우터,숏패딩,여성의류 > 아우터 > 숏패딩,249200,33,531,7,5.0,https://product.29cm.co.kr/catalog/3665483,https://img.29cm.co.kr/item/202512/11f0cf30f67e566fab9d01e4c56d8318.jpg,2025-12-24T02:51:00.386137+09:00
29CM,전체,76,오베르,[15차 리오더 1/12 예약배송]Foldable Ribbed Pants - Black,여성의류,바지,기타 팬츠,여성의류 > 바지 > 기타 팬츠,79000,0,5959,322,5.0,https://product.29cm.co.kr/catalog/3115020,https://img.29cm.co.kr/item/202502/11eff5bf124736048b630772b854b62b.jpg,2025-12-24T02:51:00.386137+09:00
29CM,전체,77,조스라운지,[누가영 착용] [웜모달] (w) Candy Stripe Pajama Set,여성의류,홈웨어,세트,여성의류 > 홈웨어 > 세트,77060,31,1304,30,5.0,https://product.29cm.co.kr/catalog/3488374,https://img.29cm.co.kr/item/202512/11f0cf257fc9b359ab9d8dc9dfdaca56.jpg,2025-12-24T02:51:00.386137+09:00
29CM,전체,78,오프아워,(w) 버터 크림 긴팔 파자마 세트,여성의류,홈웨어,세트,여성의류 > 홈웨어 > 세트,24000,52,30782,2390,5.0,https://product.29cm.co.kr/catalog/2777331,https://img.29cm.co.kr/item/202509/11f09ac9452015e8920cfbf7a737e737.jpg,2025-12-24T02:51:00.386137+09:00
29CM,전체,79,몽돌,[오제 PICK] 골지 브이넥 가디건 MDCD034_5 Colors,여성의류,니트웨어,카디건,여성의류 > 니트웨어 > 카디건,28980,37,20239,718,5.0,https://product.29cm.co.kr/catalog/2763457,https://img.29cm.co.kr/item/202510/11f0b0b443890362a918e95fa4c3b03c.jpg,2025-12-24T02:51:00.386137+09:00
29CM,전체,80,튜드먼트,[4COLORS] CLASSIC WOOL HALF COAT,여성의류,아우터,하프코트,여성의류 > 아우터 > 하프코트,190620,36,46681,522,4.5,https://product.29cm.co.kr/catalog/2835282,https://img.29cm.co.kr/item/202409/11ef7ecf20a32fafa23c315b28613755.jpg,2025-12-24T02:51:00.386137+09:00
29CM,전체,81,노스페이스,여성 다이아몬드 다운 자켓 (RDS) NJ1DR92J_BLK,여성의류,아우터,숏패딩,여성의류 > 아우터 > 숏패딩,209760,43,593,6,5.0,https://product.29cm.co.kr/catalog/3623114,https://img.29cm.co.kr/item/202511/11f0b94cc47218268388c575b64d016a.jpg,2025-12-24T02:51:00.386137+09:00
29CM,전체,82,매든,[4COLORS] 지그재그 퍼니 풀오버 후디,여성의류,상의,후디,여성의류 > 상의 > 후디,69900,21,1545,43,5.0,https://product.29cm.co.kr/catalog/3450579,https://img.29cm.co.kr/item/202508/11f083e756501c80b69c190a43d418a7.jpg,2025-12-24T02:51:00.386137+09:00
29CM,전체,83,썸웨어버터,[5th] Fleece Over-Fit Padding Jumper - Black,여성의류,아우터,숏패딩,여성의류 > 아우터 > 숏패딩,250200,10,4560,34,4.5,https://product.29cm.co.kr/catalog/3628001,https://img.29cm.co.kr/item/202511/11f0bea67c5fb173a563fb328685f14f.jpg,2025-12-24T02:51:00.386137+09:00
29CM,전체,84,더바넷,Nuvelle Fur Jacket,여성의류,아우터,퍼 재킷,여성의류 > 아우터 > 퍼 재킷,207100,5,2790,33,5.0,https://product.29cm.co.kr/catalog/3654324,https://img.29cm.co.kr/item/202512/11f0df022513abeca540e1e6d86229e6.jpg,2025-12-24T02:51:00.386137+09:00
29CM,전체,85,더 라이,Cropped Goose Down(Brown),여성의류,아우터,숏패딩,여성의류 > 아우터 > 숏패딩,288300,28,2558,61,5.0,https://product.29cm.co.kr/catalog/2843389,https://img.29cm.co.kr/item/202509/11f08a1a3f37809ab69cb9447ad1cb25.jpg,2025-12-24T02:51:00.386137+09:00
29CM,전체,86,라미네즈,[29CM 단독] Raglan Crew-neck Knit - Sky blue,여성의류,니트웨어,크루넥,여성의류 > 니트웨어 > 크루넥,21580,46,2325,84,4.5,https://product.29cm.co.kr/catalog/3597382,https://img.29cm.co.kr/item/202510/11f0ae605af7ae2bb27dc7a437fdd33f.jpeg,2025-12-24T02:51:00.386137+09:00
29CM,전체,87,썸웨어버터,[4th] Poco Handmade Cowhichan Sweater - Ivory(Blue),여성의류,니트웨어,카디건,여성의류 > 니트웨어 > 카디건,241380,19,6364,10,4.5,https://product.29cm.co.kr/catalog/3628021,https://img.29cm.co.kr/item/202511/11f0bf66f29cd87ba56355f35c341ac7.jpg,2025-12-24T02:51:00.386137+09:00
29CM,전체,88,오브오브,[13차] BUSH FUR JACKET_CREAM BEIGE,여성의류,아우터,퍼 재킷,여성의류 > 아우터 > 퍼 재킷,338300,15,5399,18,5.0,https://product.29cm.co.kr/catalog/2902233,https://img.29cm.co.kr/item/202410/11ef8f6fa27b5c718fb23fad0d1e8afd.jpg,2025-12-24T02:51:00.386137+09:00
29CM,전체,89,온앤온,트렌치 롱 구스 다운 NEP5XHB02_13,여성의류,아우터,롱패딩,여성의류 > 아우터 > 롱패딩,327300,39,13418,109,5.0,https://product.29cm.co.kr/catalog/2290038,https://img.29cm.co.kr/item/202412/11efb6a32d1e75c5852135dc386c5c08.jpg,2025-12-24T02:51:00.386137+09:00
29CM,전체,90,르바,[6차] Pleats-Back Wool Round Knit - Lilac Pink,여성의류,니트웨어,크루넥,여성의류 > 니트웨어 > 크루넥,94770,19,23387,206,4.5,https://product.29cm.co.kr/catalog/3436285,https://img.29cm.co.kr/item/202508/11f08483f50f7ba3ab5d8710edc656fb.jpg,2025-12-24T02:51:00.386137+09:00
29CM,전체,91,르메메,High Neck Toggle Fur Jacket Cream,여성의류,아우터,기타 아우터,여성의류 > 아우터 > 기타 아우터,258000,0,7634,58,5.0,https://product.29cm.co.kr/catalog/3640163,https://img.29cm.co.kr/item/202511/11f0c4ff6cfb0579a5631368fbff5352.jpg,2025-12-24T02:51:00.386137+09:00
29CM,전체,92,아우브아워,[29CM 단독 22차 재입고] lip pencil skirt (4 colors),여성의류,스커트,미디,여성의류 > 스커트 > 미디,78790,30,14153,624,4.5,https://product.29cm.co.kr/catalog/2539516,https://img.29cm.co.kr/item/202409/11ef70b9343fed48a98079e9e8322d32.jpg,2025-12-24T02:51:00.386137+09:00
29CM,전체,93,몽돌,"[알로하, 여울 PICK] 윈터ver) 원 턱 와이드 슬랙스 차콜 MDPT025FWCHARCOAL",여성의류,바지,와이드,여성의류 > 바지 > 와이드,71060,19,7192,277,5.0,https://product.29cm.co.kr/catalog/2851087,https://img.29cm.co.kr/item/202512/11f0d4bfe7481bf6a540d5f3dc7115c1.jpg,2025-12-24T02:51:00.386137+09:00
29CM,전체,94,도씨,플러피 퓨어 긴팔 커플 수면 잠옷 세트,여성의류,홈웨어,세트,여성의류 > 홈웨어 > 세트,20590,62,3168,109,4.5,https://product.29cm.co.kr/catalog/3563071,https://img.29cm.co.kr/item/202510/11f09e8bdbe0a2e2be46316ec76f9262.jpg,2025-12-24T02:51:00.386137+09:00
29CM,전체,95,조스라운지,[누가영 착용] [모달] (w) Helsinki Pajama Set,여성의류,홈웨어,세트,여성의류 > 홈웨어 > 세트,66050,31,22726,3544,5.0,https://product.29cm.co.kr/catalog/824183,https://img.29cm.co.kr/item/202512/11f0cf25a301a95bab9dd956cec89c3d.jpg,2025-12-24T02:51:00.386137+09:00
29CM,전체,96,댑,댑 윈터원더랜드 수면 잠옷세트 공용,남성의류,홈웨어,세트,남성의류 > 홈웨어 > 세트,29900,55,3933,107,5.0,https://product.29cm.co.kr/catalog/3639027,https://img.29cm.co.kr/next-product/2025/11/12/403b91e41cfd484982c8aebf38ca012f_20251112111054.jpg,2025-12-24T02:51:00.386137+09:00
29CM,전체,97,몽돌,[빛날영 착용] 소프트 퍼 크롭 자켓 라이트그레이 MDJK047LGRAY,여성의류,단독,아우터,여성의류 > 단독 > 아우터,186200,34,7864,28,5.0,https://product.29cm.co.kr/catalog/3542962,https://img.29cm.co.kr/item/202511/11f0b9ee2e2f449e838803591ca91f4e.jpg,2025-12-24T02:51:00.386137+09:00
29CM,전체,98,썸웨어버터,Hazel Alpaca V-Neck Knit - Vintage Red,여성의류,단독,상의,여성의류 > 단독 > 상의,96390,19,14997,274,4.5,https://product.29cm.co.kr/catalog/2764374,https://img.29cm.co.kr/item/202509/11f08a4a64e97644b69c319ed6bb8e62.jpg,2025-12-24T02:51:00.386137+09:00
29CM,전체,99,무브웜,Warmer T-Shirts- 10Colors,레저,요가/필라테스,상의,레저 > 요가/필라테스 > 상의,39000,0,14400,1298,5.0,https://product.29cm.co.kr/catalog/2248441,https://img.29cm.co.kr/item/202509/11f09335dcb90d60be1711c8e0cea92d.jpg,2025-12-24T02:51:00.386137+09:00
29CM,전체,100,누아르테,[6th] 센느 원숄더 오프 니트 (요거트 핑크),여성의류,니트웨어,기타 니트,여성의류 > 니트웨어 > 기타 니트,46200,38,3027,50,4.5,https://product.29cm.co.kr/catalog/3566684,https://img.29cm.co.kr/item/202510/11f09f5846131799a8b7c32d79624b40.jpeg,2025-12-24T02:51:00.386137+09:00
